accuracy,precision,recall,f1_score
0.6938775510204082,0.5189504373177842,0.6938775510204082,0.5825602968460112
