accuracy,precision,recall,f1_score
0.9591836734693877,0.9591836734693877,0.9591836734693877,0.9591836734693877
