accuracy,precision,recall,f1_score
0.6333333333333333,0.4683333333333334,0.6333333333333333,0.5195402298850574
